{
	"description": "项目配置文件。",
	"setting": {
		"urlCheck": true,
		"es6": true,
		"postcss": true,
		"minified": true,
		"newFeature": true
	},
	"compileType": "miniprogram",
	"libVersion": "2.3.0",
	"appid": "wx7e6140548c8b5044",
	"projectname": "%E5%A4%A7%E5%92%96%E7%9F%A5%E5%91%B3",
	"condition": {
		"search": {
			"current": -1,
			"list": []
		},
		"conversation": {
			"current": -1,
			"list": []
		},
		"plugin": {
			"current": -1,
			"list": []
		},
		"game": {
			"list": []
		},
		"miniprogram": {
			"current": 7,
			"list": [
				{
					"id": -1,
					"name": "外链",
					"pathName": "pages/outside/outside",
					"query": "shopId=10065",
					"scene": "1048"
				},
				{
					"id": 4,
					"name": "门店详情",
					"pathName": "pages/shop2/shop2",
					"query": "shopId=10191"
				},
				{
					"id": -1,
					"name": "代金券列表",
					"pathName": "pages/coupon/coupon",
					"query": "",
					"scene": "1048"
				},
				{
					"id": -1,
					"name": "优惠券列表",
					"pathName": "pages/coupon/coupon",
					"query": ""
				},
				{
					"id": -1,
					"name": "我的券包",
					"pathName": "pages/myCouponList/myCouponList",
					"query": ""
				},
				{
					"id": 5,
					"name": "券包详情",
					"pathName": "pages/myCouponDetail/myCouponDetail",
					"query": "couponsId=4"
				},
				{
					"id": -1,
					"name": "代金券列表",
					"pathName": "pages/feature/feature",
					"query": "特色优选",
					"scene": "1048"
				},
				{
					"id": -1,
					"name": "特色优选",
					"pathName": "pages/feature/feature"
				}
			]
		}
	}
}