{
	"description": "项目配置文件。",
	"setting": {
		"urlCheck": true,
		"es6": true,
		"postcss": true,
		"minified": true,
		"newFeature": true
	},
	"compileType": "miniprogram",
	"libVersion": "2.3.0",
	"appid": "wx04e49368b82e25b9",
	"projectname": "%E5%B0%8F%E5%B0%8F%E5%BA%93%E5%BE%AE%E4%BF%A1%E5%B0%8F%E7%A8%8B%E5%BA%8F",
	"condition": {
		"search": {
			"current": -1,
			"list": []
		},
		"conversation": {
			"current": -1,
			"list": []
		},
		"plugin": {
			"current": -1,
			"list": []
		},
		"game": {
			"list": []
		},
		"miniprogram": {
			"current": -1,
			"list": [
				{
					"id": -1,
					"name": "我的门店",
					"pathName": "pages/storepage/mystore/mystore",
					"query": ""
				},
				{
					"id": -1,
					"name": "自提订单",
					"pathName": "pages/myorder/myorder",
					"query": ""
				},
				{
					"id": -1,
					"name": "领红包",
					"pathName": "pages/receive/receive",
					"query": ""
				},
				{
					"id": -1,
					"name": "红包余额",
					"pathName": "pages/redpacket/redpacket",
					"query": "",
					"scene": "1044",
					"shareInfo": {
						"groupName": "测试模拟群0",
						"shareName": "xCaa2qElUmvvAiNx2d3-9GxdMfEOdS_Dqr0UeuRgy2I@cr4dev",
						"shareKey": "GY7dq2ToAtvdErAakcnjKEaJrxzC_JVrljoiOluQl1JxaIuBDOenHft85G0AydzAuOzZJKltyUapJdh9F6wd9g~~"
					}
				},
				{
					"id": -1,
					"name": "文章详情",
					"pathName": "pages/strawDetail/strawDetail",
					"query": ""
				},
				{
					"id": -1,
					"name": "门店代理商佣金列表",
					"pathName": "pages/commissionList/commissionList",
					"query": ""
				},
				{
					"id": -1,
					"name": "登陆",
					"pathName": "pages/storepage/login/login",
					"query": ""
				},
				{
					"id": -1,
					"name": "积分商城",
					"pathName": "pages/integralShop/integralShop",
					"query": ""
				},
				{
					"id": -1,
					"name": "我的积分",
					"pathName": "pages/redpacket/redpacket",
					"query": ""
				}
			]
		}
	}
}